readable_time,day_offset,hour,day,month,latitude,longitude,aqi,aqi_change_rate,co,no,no2,o3,so2,pm2_5,pm10,nh3,max_temp,min_temp,precipitation,max_wind_speed
2025-01-23,1,0,23,1,24.8607,67.0011,5,0,947.95,0,21.94,52.93,7.63,79.65,113.85,12.92,18.7,15.8,0.0,9.5
2025-01-22,2,0,22,1,24.8607,67.0011,5,0,1228.33,0,31.19,45.06,6.5,87.92,109.36,6.27,25.0,16.8,0.0,13.4
2025-01-21,3,0,21,1,24.8607,67.0011,5,0,2696.99,0,47.3,45.06,24.8,266.85,314.84,29.13,24.7,14.6,0.0,11.7
2025-01-20,4,0,20,1,24.8607,67.0011,5,0,1134.87,0,17.31,105.86,20.98,148.98,196.38,12.41,26.0,16.1,0.0,12.4
2025-01-19,5,0,19,1,24.8607,67.0011,5,0,1081.47,0,16.45,90.84,15.02,115.89,147.47,13.43,25.7,14.5,0.0,10.7
2025-01-18,6,0,18,1,24.8607,67.0011,5,0,707.63,0,8.31,120.16,16.21,94.2,150.52,5.83,24.9,15.5,0.0,13.8
2025-01-17,7,0,17,1,24.8607,67.0011,5,0,1388.55,0,25.7,86.55,38.15,167.84,224.79,14.31,24.5,14.8,0.0,15.9
2025-01-16,8,0,16,1,24.8607,67.0011,5,0,1895.9,0,36.67,51.5,20.74,173.55,234.35,23.05,22.7,14.7,0.0,11.1
2025-01-15,9,0,15,1,24.8607,67.0011,5,0,1415.25,0,23.99,78.68,21.22,128.37,182.17,17.48,25.1,14.9,0.0,10.5
2025-01-14,10,0,14,1,24.8607,67.0011,5,0,1041.41,0,18.68,90.84,19.31,89.58,121.96,13.05,24.1,13.5,0.0,10.4
2025-01-13,11,0,13,1,24.8607,67.0011,5,0,847.82,0,10.62,120.16,19.31,132.22,173.28,6.14,23.5,14.7,0.0,15.1
2025-01-12,12,0,12,1,24.8607,67.0011,5,0,1708.98,0,36.67,47.21,20.27,110.76,155.49,23.56,25.8,14.7,0.0,13.6
2025-01-11,13,0,11,1,24.8607,67.0011,5,0,1976.01,0,37.01,64.37,24.08,189.09,274.1,21.28,25.9,14.8,0.0,10.6
2025-01-10,14,0,10,1,24.8607,67.0011,5,0,3231.05,0,55.52,37.91,30.52,238.4,296.16,36.48,25.4,15.4,0.0,13.6
2025-01-09,15,0,9,1,24.8607,67.0011,5,0,2323.15,0,46.61,79.39,23.6,201.78,246.47,11.15,24.2,12.3,0.0,7.7
2025-01-08,16,0,8,1,24.8607,67.0011,5,0,1976.01,0,41.81,54.36,27.42,139.06,188.9,27.11,23.5,11.5,0.0,9.6
2025-01-07,17,0,7,1,24.8607,67.0011,3,-2,841.14,0,17.48,82.97,18.12,40.45,64.69,13.93,24.9,13.5,0.0,11.8
2025-01-06,18,0,6,1,24.8607,67.0011,5,2,1468.66,0,30.16,53.64,20.5,94.4,131.23,23.05,24.5,13.2,0.0,9.4
2025-01-05,19,0,5,1,24.8607,67.0011,5,0,2136.23,0,55.52,20.03,16.45,109.39,141.13,27.11,22.5,13.2,0.0,10.7
2025-01-04,20,0,4,1,24.8607,67.0011,3,-2,620.84,0,11.82,95.84,5.54,37.82,53.38,3.45,24.2,17.2,0.0,14.1
2025-01-03,21,0,3,1,24.8607,67.0011,5,2,2109.53,0,42.16,49.35,22.89,219.11,313.66,22.8,24.6,14.9,0.0,11.5
2025-01-02,22,0,2,1,24.8607,67.0011,5,0,1388.55,0,24.68,79.39,20.27,158.2,214.34,17.48,25.6,14.9,0.0,9.6
2025-01-01,23,0,1,1,24.8607,67.0011,5,0,1321.79,0,24.33,73.67,19.31,121.64,170.55,17.99,26.2,15.3,0.0,10.5
2024-12-31,24,0,31,12,24.8607,67.0011,5,0,1762.39,0,34.27,56.51,21.22,147.44,211.02,22.55,25.8,14.4,0.0,8.7
2024-12-30,25,0,30,12,24.8607,67.0011,4,-1,814.44,0,15.25,98.71,18.6,70.65,120.97,12.29,25.1,15.0,0.0,11.5
2024-12-29,26,0,29,12,24.8607,67.0011,5,1,1842.5,0,43.87,29.68,17.4,116.49,174.51,23.81,25.2,13.4,0.0,11.3
2024-12-28,27,0,28,12,24.8607,67.0011,5,0,1468.66,0,29.47,52.93,15.97,94.43,127.3,19.51,25.2,12.9,0.0,11.5
2024-12-27,28,0,27,12,24.8607,67.0011,5,0,1108.17,0,19.02,104.43,24.56,114.33,143.22,14.69,24.4,13.8,0.0,10.8
2024-12-26,29,0,26,12,24.8607,67.0011,5,0,854.49,0,12.17,125.89,27.66,116.52,152.4,8.36,23.8,14.4,0.0,12.4
2024-12-25,30,0,25,12,24.8607,67.0011,5,0,961.3,0,12.85,133.04,23.6,134.41,163.89,9.37,23.5,14.3,0.0,14.1
2024-12-24,31,0,24,12,24.8607,67.0011,5,0,921.25,0,17.65,95.84,20.98,81.6,107.83,13.3,24.4,14.7,0.0,11.8
2024-12-23,32,0,23,12,24.8607,67.0011,5,0,2189.64,0,59.63,17.88,20.03,129.59,186.98,15.71,24.2,14.6,0.0,10.5
2024-12-22,33,0,22,12,24.8607,67.0011,5,0,1041.41,0,16.11,100.14,17.64,97.15,127.0,14.19,24.2,13.5,0.0,11.4
2024-12-21,34,0,21,12,24.8607,67.0011,5,0,867.84,0,12.51,121.59,30.04,110.07,138.06,8.74,24.2,13.7,0.0,12.0
2024-12-20,35,0,20,12,24.8607,67.0011,5,0,1214.98,0,19.88,108.72,28.13,138.78,170.88,15.07,24.5,15.2,0.0,12.1
2024-12-19,36,0,19,12,24.8607,67.0011,5,0,1455.31,0,28.45,70.1,21.93,109.57,146.87,22.04,25.2,14.8,0.0,9.9
2024-12-18,37,0,18,12,24.8607,67.0011,3,-2,680.92,0,14.05,87.26,16.45,44.83,86.68,11.27,25.9,16.6,0.0,12.7
2024-12-17,38,0,17,12,24.8607,67.0011,5,2,2563.48,0,64.43,12.16,27.42,191.02,248.12,33.94,26.0,14.0,0.0,9.8
2024-12-16,39,0,16,12,24.8607,67.0011,5,0,1735.69,0,32.9,65.09,23.84,155.67,213.68,23.56,26.4,14.8,0.0,10.6
2024-12-15,40,0,15,12,24.8607,67.0011,5,0,1028.06,0,15.94,98.71,16.93,107.04,150.26,13.81,25.6,14.0,0.0,11.2
2024-12-14,41,0,14,12,24.8607,67.0011,5,0,707.63,0,8.48,133.04,19.07,94.17,142.99,6.52,24.8,15.6,0.0,14.1
2024-12-13,42,0,13,12,24.8607,67.0011,3,-2,627.52,0,13.88,88.69,16.69,33.23,63.55,10.39,24.0,15.0,0.0,18.2
2024-12-12,43,0,12,12,24.8607,67.0011,5,2,1188.28,0,22.62,75.82,20.74,94.8,146.41,18.75,25.1,14.4,0.0,11.4
2024-12-11,44,0,11,12,24.8607,67.0011,5,0,1642.23,0,35.99,57.94,36.24,117.2,178.71,21.28,25.9,14.7,0.0,8.0
2024-12-10,45,0,10,12,24.8607,67.0011,4,-1,1161.58,0,26.39,64.37,30.99,68.75,108.83,18.49,25.6,15.2,0.0,10.3
2024-12-09,46,0,9,12,24.8607,67.0011,4,0,1308.44,0,33.59,41.48,21.93,72.64,125.65,23.56,26.1,14.5,0.0,10.9
2024-12-08,47,0,8,12,24.8607,67.0011,2,-2,360.49,0,7.28,92.98,9.18,15.69,40.01,4.62,28.2,17.9,0.0,14.8
2024-12-07,48,0,7,12,24.8607,67.0011,5,3,1815.8,0,51.41,14.31,18.84,114.67,177.89,24.57,28.6,16.1,0.0,10.0
2024-12-06,49,0,6,12,24.8607,67.0011,5,0,5073.55,23,123.38,0.0,23.84,296.02,360.72,20.01,28.1,18.5,0.0,9.3
2024-12-05,50,0,5,12,24.8607,67.0011,5,0,1708.98,0,31.53,62.23,21.22,157.29,229.86,22.04,28.4,19.5,0.0,10.9
2024-12-04,51,0,4,12,24.8607,67.0011,4,-1,654.22,0,9.94,105.86,15.97,73.84,117.79,6.33,29.6,21.7,0.0,16.1
2024-12-03,52,0,3,12,24.8607,67.0011,5,1,947.95,0,17.14,87.98,18.84,103.03,174.17,13.93,30.3,20.9,0.0,13.6
2024-12-02,53,0,2,12,24.8607,67.0011,5,0,1668.93,0,32.9,56.51,25.75,144.82,233.69,23.56,30.3,20.1,0.0,9.9
2024-12-01,54,0,1,12,24.8607,67.0011,5,0,1348.5,0,24.68,61.51,16.45,140.36,230.72,15.83,29.4,20.4,0.0,11.1
2024-11-30,55,0,30,11,24.8607,67.0011,4,-1,1241.68,0,34.96,23.96,14.54,63.6,101.67,7.79,30.7,21.8,0.0,11.5
2024-11-29,56,0,29,11,24.8607,67.0011,5,1,2082.82,1,63.75,3.58,16.45,108.36,142.37,10.39,30.1,22.0,0.0,11.4
2024-11-28,57,0,28,11,24.8607,67.0011,5,0,2830.51,10,77.46,0.25,13.23,142.71,191.58,10.89,30.0,22.0,0.0,11.5
2024-11-27,58,0,27,11,24.8607,67.0011,5,0,1241.68,0,37.01,37.19,8.7,76.89,131.12,7.35,30.0,22.2,0.0,12.4
2024-11-26,59,0,26,11,24.8607,67.0011,5,0,3204.35,10,94.59,0.05,29.56,187.56,253.22,34.96,30.8,21.1,0.0,12.3
2024-11-25,60,0,25,11,24.8607,67.0011,5,0,1642.23,0,41.47,28.25,22.65,98.16,148.39,17.48,31.1,21.5,0.0,11.5
2024-11-24,61,0,24,11,24.8607,67.0011,4,-1,1268.39,0,34.62,35.41,9.18,67.77,94.48,8.11,29.9,22.9,0.0,10.1
2024-11-23,62,0,23,11,24.8607,67.0011,3,-1,433.92,0,8.65,79.39,4.65,33.57,51.0,3.17,30.2,22.9,0.0,12.5
2024-11-22,63,0,22,11,24.8607,67.0011,4,1,827.79,0,21.76,66.52,9.06,53.9,79.58,6.52,30.4,22.7,0.0,14.4
2024-11-21,64,0,21,11,24.8607,67.0011,5,1,2056.12,0,61.01,12.7,14.31,110.53,150.28,11.65,30.2,21.5,0.0,12.1
2024-11-20,65,0,20,11,24.8607,67.0011,5,0,2376.56,2,71.29,4.16,22.41,132.8,183.35,21.03,30.7,22.5,0.0,12.8
2024-11-19,66,0,19,11,24.8607,67.0011,5,0,2216.34,0,65.12,28.97,30.04,146.56,213.4,25.33,31.5,22.8,0.0,12.6
2024-11-18,67,0,18,11,24.8607,67.0011,5,0,1628.88,0,41.81,35.05,19.79,102.05,164.32,12.67,32.3,23.1,0.0,17.1
2024-11-17,68,0,17,11,24.8607,67.0011,5,0,2056.12,0,60.32,5.9,11.92,115.76,173.43,6.97,31.8,22.6,0.0,14.9
2024-11-16,69,0,16,11,24.8607,67.0011,3,-2,741.0,0,19.88,56.51,6.62,48.33,87.21,5.45,31.4,22.4,0.0,12.4
2024-11-15,70,0,15,11,24.8607,67.0011,3,0,714.3,0,17.65,73.67,9.54,44.6,65.79,8.23,32.1,22.7,0.0,10.6
2024-11-14,71,0,14,11,24.8607,67.0011,5,2,1348.5,0,38.73,31.11,11.32,87.02,140.4,9.12,31.7,22.9,0.0,10.7
2024-11-13,72,0,13,11,24.8607,67.0011,5,0,1268.39,0,37.01,29.33,11.21,98.65,181.74,12.67,31.6,23.5,0.0,10.6
2024-11-12,73,0,12,11,24.8607,67.0011,4,-1,734.33,0,20.56,52.21,7.45,65.9,158.65,7.98,31.1,24.1,0.0,17.7
2024-11-11,74,0,11,11,24.8607,67.0011,4,0,714.3,0,19.36,52.93,6.97,59.35,126.07,7.54,31.3,23.2,0.0,20.1
2024-11-10,75,0,10,11,24.8607,67.0011,3,-1,607.49,0,15.42,52.93,5.54,39.59,73.68,6.33,31.3,23.9,0.0,20.7
2024-11-09,76,0,9,11,24.8607,67.0011,3,0,467.3,0,10.28,65.09,4.35,33.1,59.62,4.37,31.1,24.2,0.0,19.4
2024-11-08,77,0,8,11,24.8607,67.0011,3,0,453.95,0,11.14,65.09,4.89,33.57,64.85,4.62,31.8,25.2,0.0,20.1
2024-11-07,78,0,7,11,24.8607,67.0011,3,0,574.11,0,13.54,69.38,5.84,40.96,62.03,5.89,31.8,23.7,0.0,22.0
2024-11-06,79,0,6,11,24.8607,67.0011,4,1,854.49,0,21.42,55.07,8.7,55.75,81.94,8.87,34.1,22.8,0.0,20.3
2024-11-05,80,0,5,11,24.8607,67.0011,4,0,988.01,0,26.05,38.27,9.54,58.27,96.45,11.15,33.1,22.7,0.0,17.0
2024-11-04,81,0,4,11,24.8607,67.0011,5,1,1949.31,5,52.78,0.85,16.69,100.08,137.36,17.99,32.9,23.5,0.0,19.9
2024-11-03,82,0,3,11,24.8607,67.0011,3,-2,560.76,0,13.02,72.24,5.25,42.7,92.01,5.13,31.6,24.2,0.0,16.3
2024-11-02,83,0,2,11,24.8607,67.0011,3,0,357.15,0,6.17,74.39,3.25,34.64,84.09,2.66,32.2,25.2,0.0,20.4
2024-11-01,84,0,1,11,24.8607,67.0011,4,1,500.68,0,12.0,61.51,5.96,48.48,122.15,5.13,34.5,24.3,0.0,21.2
2024-10-31,85,0,31,10,24.8607,67.0011,4,0,674.25,0,19.36,52.21,8.94,67.01,187.08,7.35,33.4,25.4,0.0,18.6
2024-10-30,86,0,30,10,24.8607,67.0011,5,1,317.1,0,5.74,83.68,2.77,91.71,286.86,2.28,32.2,25.7,0.0,23.9
2024-10-29,87,0,29,10,24.8607,67.0011,4,-1,330.45,0,4.67,82.25,2.65,43.68,163.61,1.41,32.7,25.5,0.0,22.1
2024-10-28,88,0,28,10,24.8607,67.0011,5,1,367.16,0,7.2,82.25,3.93,107.14,223.22,2.47,34.5,25.1,0.0,19.9
2024-10-27,89,0,27,10,24.8607,67.0011,4,-1,881.2,0,28.79,34.69,8.11,55.17,111.53,7.66,36.4,24.6,0.0,20.1
2024-10-26,90,0,26,10,24.8607,67.0011,3,-1,343.8,0,4.71,75.1,3.01,24.73,64.42,1.69,35.7,26.5,0.0,23.0
2024-10-25,91,0,25,10,24.8607,67.0011,3,0,741.0,0,16.45,52.93,6.97,48.97,83.71,6.52,37.9,25.0,0.0,21.3
2024-10-24,92,0,24,10,24.8607,67.0011,4,1,841.14,0,20.91,49.35,8.11,61.88,94.82,8.04,36.6,23.7,0.0,23.2
2024-10-23,93,0,23,10,24.8607,67.0011,4,0,667.57,0,17.48,61.51,6.56,63.41,98.37,6.27,34.9,25.0,0.2,25.6
2024-10-22,94,0,22,10,24.8607,67.0011,3,-1,400.54,0,8.31,62.94,4.71,30.32,67.32,3.29,36.3,24.7,0.0,29.4
2024-10-21,95,0,21,10,24.8607,67.0011,3,0,527.38,0,13.19,54.36,7.45,32.54,62.56,5.26,35.3,25.9,0.0,26.5
2024-10-20,96,0,20,10,24.8607,67.0011,3,0,607.49,0,13.37,64.37,6.2,36.28,64.6,6.46,37.3,26.0,0.0,21.7
2024-10-19,97,0,19,10,24.8607,67.0011,3,0,654.22,0,14.74,32.9,6.38,28.79,55.09,6.4,36.8,25.6,0.0,23.0
2024-10-18,98,0,18,10,24.8607,67.0011,3,0,841.14,0,21.76,38.27,8.34,39.24,61.08,8.87,34.6,25.2,0.0,20.0
2024-10-17,99,0,17,10,24.8607,67.0011,3,0,433.92,0,4.24,88.69,3.34,37.68,66.87,1.73,34.5,27.3,0.0,23.0
2024-10-16,100,0,16,10,24.8607,67.0011,4,1,554.08,0,7.03,104.43,5.25,72.4,104.99,2.18,36.1,26.7,0.0,25.2
2024-10-15,101,0,15,10,24.8607,67.0011,5,1,2136.23,0,55.52,32.9,21.22,130.55,168.56,16.97,36.4,26.9,0.3,28.8
2024-10-14,102,0,14,10,24.8607,67.0011,4,-1,988.01,0,26.73,33.97,12.4,71.61,112.66,12.16,34.4,28.3,0.0,14.7
2024-10-13,103,0,13,10,24.8607,67.0011,5,1,1642.23,3,50.04,2.15,9.06,107.52,151.97,9.88,33.6,26.2,0.0,20.3
2024-10-12,104,0,12,10,24.8607,67.0011,5,0,1602.17,0,43.53,38.27,15.97,125.67,183.5,17.73,36.1,25.2,0.0,25.6
2024-10-11,105,0,11,10,24.8607,67.0011,3,-2,854.49,0,22.96,48.64,12.76,44.62,94.06,14.31,37.5,26.5,0.0,27.0
2024-10-10,106,0,10,10,24.8607,67.0011,3,0,680.92,0,17.99,40.41,8.11,36.7,99.42,7.41,37.0,25.8,0.0,24.0
2024-10-09,107,0,9,10,24.8607,67.0011,2,-1,500.68,0,11.82,48.64,6.38,23.18,43.36,6.71,38.0,26.8,0.0,26.9
2024-10-08,108,0,8,10,24.8607,67.0011,2,0,534.06,0,13.19,28.97,7.03,20.71,43.17,6.46,37.6,24.8,0.0,21.8
2024-10-07,109,0,7,10,24.8607,67.0011,3,1,567.44,0,16.11,26.46,8.23,21.2,53.66,5.76,34.1,24.9,0.0,19.6
2024-10-06,110,0,6,10,24.8607,67.0011,2,-1,240.33,0,1.54,38.62,1.64,8.9,45.13,0.44,32.1,26.0,0.0,22.8
2024-10-05,111,0,5,10,24.8607,67.0011,3,1,247.0,0,1.14,40.41,1.36,10.33,51.5,0.27,32.3,26.3,0.0,26.3
2024-10-04,112,0,4,10,24.8607,67.0011,3,0,253.68,0,1.41,42.92,1.56,11.35,51.67,0.42,32.0,26.8,0.0,31.0
2024-10-03,113,0,3,10,24.8607,67.0011,2,-1,260.35,0,1.69,46.49,1.7,8.75,34.3,0.45,32.0,26.7,0.0,30.6
2024-10-02,114,0,2,10,24.8607,67.0011,1,-1,273.7,0,2.36,37.55,2.24,5.58,19.26,0.78,32.4,26.5,0.0,28.4
2024-10-01,115,0,1,10,24.8607,67.0011,1,0,283.72,0,2.68,38.27,2.59,5.0,15.01,0.84,32.8,26.4,0.0,27.2
2024-09-30,116,0,30,9,24.8607,67.0011,2,1,277.04,0,3.51,45.06,3.37,9.5,45.36,1.3,32.2,26.3,0.0,25.7
2024-09-29,117,0,29,9,24.8607,67.0011,3,1,273.7,0,3.56,52.21,2.47,12.99,52.52,1.3,32.6,26.6,0.0,23.7
2024-09-28,118,0,28,9,24.8607,67.0011,3,0,216.96,0,1.17,52.21,1.37,14.81,52.85,0.16,32.8,26.9,0.0,25.2
2024-09-27,119,0,27,9,24.8607,67.0011,3,0,240.33,0,2.33,48.64,2.35,15.14,69.84,0.56,32.4,26.8,0.0,28.8
2024-09-26,120,0,26,9,24.8607,67.0011,3,0,226.97,0,2.55,58.65,2.59,16.98,70.14,0.49,32.8,26.6,0.0,25.1
2024-09-25,121,0,25,9,24.8607,67.0011,3,0,223.64,0,2.78,63.66,2.77,16.94,60.73,0.67,32.4,26.5,0.0,24.7
2024-09-24,122,0,24,9,24.8607,67.0011,3,0,211.95,0,1.99,57.22,2.15,15.96,63.28,0.28,32.0,26.8,0.0,26.9
2024-09-23,123,0,23,9,24.8607,67.0011,3,0,216.96,0,1.99,56.51,2.15,16.61,68.16,0.29,32.0,26.7,0.0,26.8
2024-09-22,124,0,22,9,24.8607,67.0011,3,0,216.96,0,1.59,60.08,1.76,15.47,68.96,0.21,31.6,26.2,0.0,25.9
2024-09-21,125,0,21,9,24.8607,67.0011,3,0,220.3,0,1.74,62.23,1.91,18.76,74.52,0.21,31.3,25.9,0.0,25.5
2024-09-20,126,0,20,9,24.8607,67.0011,3,0,263.69,0,5.01,57.22,3.55,21.53,80.37,1.54,31.9,25.6,0.0,25.0
2024-09-19,127,0,19,9,24.8607,67.0011,3,0,243.66,0,3.98,54.36,3.87,18.75,73.59,1.04,31.5,25.0,0.0,23.5
2024-09-18,128,0,18,9,24.8607,67.0011,3,0,223.64,0,2.33,50.07,2.47,19.41,80.11,0.5,32.1,25.5,0.0,23.8
2024-09-17,129,0,17,9,24.8607,67.0011,3,0,220.3,0,2.18,55.79,2.29,15.06,55.2,0.53,31.5,25.9,0.0,25.8
2024-09-16,130,0,16,9,24.8607,67.0011,3,0,211.95,0,1.78,61.51,1.97,14.14,52.05,0.38,29.9,26.1,0.5,26.1
2024-09-15,131,0,15,9,24.8607,67.0011,3,0,210.29,0,0.87,66.52,1.24,14.08,53.15,0.02,30.7,26.3,0.0,27.4
2024-09-14,132,0,14,9,24.8607,67.0011,4,1,206.95,0,0.74,62.23,1.19,24.45,105.34,0.0,31.2,26.3,0.0,32.4
2024-09-13,133,0,13,9,24.8607,67.0011,3,-1,216.96,0,1.09,57.94,1.4,18.63,75.31,0.0,30.8,26.2,0.1,31.4
2024-09-12,134,0,12,9,24.8607,67.0011,4,1,277.04,0,4.58,61.51,2.89,34.94,179.2,1.52,30.6,25.7,0.0,25.4
2024-09-11,135,0,11,9,24.8607,67.0011,4,0,240.33,0,2.29,69.38,2.44,35.85,196.8,0.43,30.2,25.2,0.2,19.6
2024-09-10,136,1,10,9,24.8607,67.0011,3,-1,247.0,0,2.1,45.78,2.12,16.42,62.71,0.38,30.0,25.8,0.5,22.9
2024-09-09,137,0,9,9,24.8607,67.0011,2,-1,260.35,0,2.38,40.77,2.35,11.3,37.85,0.73,30.3,25.7,0.0,26.2
2024-09-08,138,0,8,9,24.8607,67.0011,2,0,290.39,0,3.43,38.27,2.53,9.61,27.05,1.22,29.9,25.6,0.1,20.7
2024-09-07,139,0,7,9,24.8607,67.0011,2,0,257.02,0,1.69,42.2,1.71,9.76,33.84,0.47,29.6,25.9,0.2,20.9
2024-09-06,140,0,6,9,24.8607,67.0011,2,0,243.66,0,1.41,44.35,1.62,14.91,46.3,0.23,30.1,26.5,0.9,26.4
2024-09-05,141,0,5,9,24.8607,67.0011,2,0,257.02,0,1.8,37.91,1.79,12.88,29.98,0.4,30.1,26.4,0.2,29.8
2024-09-04,142,0,4,9,24.8607,67.0011,1,-1,297.07,0,3.6,34.69,3.37,8.15,18.12,1.2,30.2,26.1,2.2,20.2
2024-09-03,143,0,3,9,24.8607,67.0011,2,1,500.68,0,14.57,16.09,5.9,17.02,25.65,4.62,29.9,25.4,0.0,21.4
2024-09-02,144,0,2,9,24.8607,67.0011,3,1,734.33,2,23.65,2.79,9.78,28.53,47.09,6.78,29.3,24.9,0.0,17.5
2024-09-01,145,0,1,9,24.8607,67.0011,2,-1,267.03,0,5.48,24.32,7.33,13.82,19.27,1.16,29.0,25.4,1.0,23.3
2024-08-31,146,0,31,8,24.8607,67.0011,2,0,260.35,0,0.87,57.22,0.97,19.84,24.82,0.13,28.3,25.0,8.5,46.6
2024-08-30,147,0,30,8,24.8607,67.0011,2,0,317.1,0,3.73,47.21,3.49,18.18,27.14,1.2,30.3,24.9,25.7,45.9
2024-08-29,148,0,29,8,24.8607,67.0011,2,0,340.46,0,5.01,53.64,5.13,23.69,38.22,1.2,29.8,26.7,21.8,25.8
2024-08-28,149,0,28,8,24.8607,67.0011,3,1,447.27,0,7.03,60.08,5.96,26.42,45.93,1.84,29.2,26.5,22.8,23.0
2024-08-27,150,0,27,8,24.8607,67.0011,2,-1,300.41,0,4.88,36.48,3.4,18.41,41.86,1.47,33.4,27.1,51.2,22.3
2024-08-26,151,0,26,8,24.8607,67.0011,3,1,250.34,0,2.29,39.7,2.38,18.56,70.09,0.63,33.2,27.0,0.0,31.1
2024-08-25,152,0,25,8,24.8607,67.0011,3,0,250.34,0,1.16,39.34,1.28,13.71,58.01,0.31,33.1,27.3,0.0,29.9
2024-08-24,153,0,24,8,24.8607,67.0011,2,-1,263.69,0,1.12,38.62,1.21,13.98,44.35,0.27,32.7,27.2,0.0,28.3
2024-08-23,154,0,23,8,24.8607,67.0011,2,0,277.04,0,1.67,38.62,1.73,10.17,44.52,0.42,32.6,27.7,0.0,27.7
2024-08-22,155,0,22,8,24.8607,67.0011,2,0,267.03,0,1.82,31.47,1.91,9.02,24.01,0.51,33.4,27.5,0.0,24.9
2024-08-21,156,0,21,8,24.8607,67.0011,1,-1,247.0,0,1.48,32.19,1.48,7.31,14.41,0.37,31.6,27.6,0.0,26.5
2024-08-20,157,0,20,8,24.8607,67.0011,2,1,223.64,0,1.41,31.83,1.4,10.94,27.23,0.29,31.9,27.0,0.8,27.2
2024-08-19,158,0,19,8,24.8607,67.0011,2,0,233.65,0,1.91,35.76,1.79,10.0,13.65,0.43,31.2,27.3,1.0,25.1
2024-08-18,159,0,18,8,24.8607,67.0011,2,0,230.31,0,1.1,36.12,1.15,8.55,22.86,0.23,31.6,27.4,0.2,25.2
2024-08-17,160,0,17,8,24.8607,67.0011,2,0,230.31,0,1.3,32.9,1.36,12.39,39.19,0.25,30.9,27.6,0.1,19.3
2024-08-16,161,0,16,8,24.8607,67.0011,2,0,226.97,0,1.65,31.83,1.65,12.02,27.98,0.35,31.3,27.2,1.1,25.2
2024-08-15,162,0,15,8,24.8607,67.0011,2,0,223.64,0,1.5,35.76,1.48,11.18,32.06,0.31,32.1,27.5,1.9,25.7
2024-08-14,163,0,14,8,24.8607,67.0011,3,1,213.62,0,1.41,30.4,1.53,14.75,54.29,0.27,32.2,27.4,0.0,23.5
2024-08-13,164,0,13,8,24.8607,67.0011,3,0,247.0,0,1.95,35.05,2.0,15.57,59.09,0.44,31.9,27.8,0.4,23.2
2024-08-12,165,0,12,8,24.8607,67.0011,2,-1,283.72,0,1.14,40.77,1.24,12.42,30.87,0.24,30.9,27.6,1.4,27.2
2024-08-11,166,0,11,8,24.8607,67.0011,2,0,247.0,0,-9999.0,41.13,0.81,8.88,27.4,0.13,31.6,27.5,1.1,34.7
2024-08-10,167,0,10,8,24.8607,67.0011,2,0,233.65,0,0.86,34.33,0.92,7.87,25.25,0.17,32.9,27.9,0.4,35.0
2024-08-09,168,0,9,8,24.8607,67.0011,2,0,260.35,0,1.84,41.84,1.8,17.32,38.05,0.38,31.8,27.9,0.5,29.0
2024-08-08,169,0,8,8,24.8607,67.0011,2,0,236.99,0,1.24,35.76,1.27,12.59,19.32,0.26,31.3,27.7,0.7,25.4
2024-08-07,170,0,7,8,24.8607,67.0011,2,0,257.02,0,0.78,44.35,0.93,8.13,26.84,0.15,30.5,27.8,0.4,33.5
2024-08-06,171,0,6,8,24.8607,67.0011,3,1,273.7,0,1.56,49.35,1.61,17.42,50.77,0.31,29.6,27.2,1.1,25.0
2024-08-05,172,0,5,8,24.8607,67.0011,3,0,273.7,0,2.55,42.56,2.62,18.65,51.41,0.55,30.7,26.4,1.6,20.4
2024-08-04,173,0,4,8,24.8607,67.0011,3,0,253.68,0,1.02,41.48,1.21,22.48,85.38,0.2,30.8,27.7,2.5,21.6
2024-08-03,174,0,3,8,24.8607,67.0011,3,0,263.69,0,0.85,42.92,0.98,20.09,50.11,0.09,30.8,27.9,0.2,25.3
2024-08-02,175,0,2,8,24.8607,67.0011,3,0,240.33,0,0.9,40.41,1.1,17.97,68.86,0.09,31.1,27.8,1.0,27.7
2024-08-01,176,0,1,8,24.8607,67.0011,2,-1,270.37,0,1.0,57.22,1.03,17.85,22.57,0.0,31.1,28.4,1.4,33.9
2024-07-31,177,0,31,7,24.8607,67.0011,2,0,247.0,0,1.56,72.24,1.49,7.36,9.31,0.34,30.5,28.1,2.3,22.0
2024-07-30,178,0,30,7,24.8607,67.0011,2,0,267.03,0,1.56,44.7,1.59,19.5,35.85,0.29,32.8,28.0,18.4,20.4
2024-07-29,179,0,29,7,24.8607,67.0011,5,3,277.04,0,5.14,36.84,5.48,38.57,205.91,0.92,33.0,28.8,3.3,22.8
2024-07-28,180,0,28,7,24.8607,67.0011,4,-1,240.33,0,1.69,47.21,1.94,43.48,197.5,0.19,33.3,29.3,0.0,19.5
2024-07-27,181,0,27,7,24.8607,67.0011,4,0,247.0,0,1.08,49.35,1.43,41.93,177.98,0.0,34.0,29.3,0.0,28.7
2024-07-26,182,0,26,7,24.8607,67.0011,4,0,247.0,0,1.76,56.51,2.0,49.79,195.19,0.1,33.8,29.4,0.4,28.5
2024-07-25,183,0,25,7,24.8607,67.0011,4,0,243.66,0,1.08,62.94,1.46,40.87,147.66,0.0,32.9,28.9,0.3,25.5
2024-07-24,184,1,24,7,24.8607,67.0011,4,0,236.99,0,1.41,50.78,1.56,31.89,144.84,0.11,32.4,29.3,0.0,31.2
2024-07-22,186,0,22,7,24.8607,67.0011,2,-2,287.06,0,4.46,55.07,4.59,24.45,44.87,0.82,35.2,30.0,3.4,30.9
2024-07-21,187,0,21,7,24.8607,67.0011,4,2,343.8,0,10.62,34.33,9.3,33.2,100.65,3.13,37.4,30.0,4.2,16.1
2024-07-20,188,0,20,7,24.8607,67.0011,2,-2,236.99,0,2.23,57.22,2.32,16.26,41.77,0.51,38.6,29.6,0.2,22.0
2024-07-19,189,0,19,7,24.8607,67.0011,2,0,226.97,0,1.84,44.7,1.86,11.61,30.41,0.4,34.7,29.5,0.0,24.8
2024-07-18,190,0,18,7,24.8607,67.0011,4,2,240.33,0,3.9,36.12,3.73,35.94,116.19,0.7,34.8,30.2,0.0,29.5
2024-07-17,191,0,17,7,24.8607,67.0011,4,0,220.3,0,1.76,38.62,1.76,29.81,101.92,0.23,35.3,29.7,0.0,30.7
2024-07-16,192,0,16,7,24.8607,67.0011,4,0,240.33,0,3.43,40.77,3.55,31.01,134.38,0.74,35.9,29.2,0.1,26.9
2024-07-15,193,0,15,7,24.8607,67.0011,4,0,216.96,0,1.46,43.99,1.7,33.93,150.27,0.13,34.1,28.9,0.0,21.4
2024-07-14,194,0,14,7,24.8607,67.0011,3,-1,208.62,0,0.82,39.7,1.1,25.04,96.73,0.0,33.1,28.8,0.6,28.1
2024-07-13,195,0,13,7,24.8607,67.0011,3,0,210.29,0,0.52,42.56,0.78,16.78,70.62,0.0,33.1,29.3,2.2,32.5
2024-07-12,196,0,12,7,24.8607,67.0011,2,-1,220.3,0,0.7,36.48,0.88,10.37,32.64,0.08,33.2,29.5,1.2,39.8
2024-07-11,197,0,11,7,24.8607,67.0011,2,0,223.64,0,1.39,37.91,1.4,13.63,24.1,0.25,34.4,29.5,0.6,34.0
2024-07-10,198,0,10,7,24.8607,67.0011,3,1,226.97,0,2.16,37.55,2.0,22.95,69.36,0.29,35.0,29.5,0.1,23.9
2024-07-09,199,0,9,7,24.8607,67.0011,2,-1,250.34,0,5.27,37.19,4.65,19.91,48.14,1.01,34.7,29.8,0.9,20.4
2024-07-08,200,0,8,7,24.8607,67.0011,4,2,220.3,0,1.52,40.05,1.88,30.76,125.65,0.09,34.4,29.8,0.3,22.0
2024-07-07,201,0,7,7,24.8607,67.0011,4,0,213.62,0,0.63,80.82,1.07,47.23,174.33,0.0,35.2,30.2,0.3,32.3
2024-07-06,202,0,6,7,24.8607,67.0011,5,1,220.3,0,0.82,59.37,1.15,45.33,203.01,0.0,35.2,29.9,0.0,31.3
2024-07-05,203,0,5,7,24.8607,67.0011,4,-1,216.96,0,1.0,45.78,1.4,37.48,184.48,0.0,33.5,29.7,0.6,22.9
2024-07-04,204,0,4,7,24.8607,67.0011,4,0,226.97,0,1.11,42.56,1.49,42.7,162.58,0.07,34.0,29.8,0.4,22.9
2024-07-03,205,0,3,7,24.8607,67.0011,4,0,220.3,0,1.14,45.06,1.58,37.54,145.85,0.03,34.8,30.4,0.3,28.3
2024-07-02,206,0,2,7,24.8607,67.0011,4,0,226.97,0,1.04,45.42,1.45,43.62,147.26,0.0,34.9,30.5,0.0,26.9
2024-07-01,207,0,1,7,24.8607,67.0011,3,-1,257.02,0,1.54,46.49,1.56,42.22,75.17,0.59,35.9,30.3,0.0,31.4
2024-06-30,208,0,30,6,24.8607,67.0011,3,0,267.03,0,2.27,53.64,2.35,25.77,41.86,1.3,35.0,29.9,0.0,25.5
2024-06-29,209,0,29,6,24.8607,67.0011,3,0,433.92,0,13.02,27.54,6.85,33.26,84.53,3.2,36.4,29.6,0.0,27.4
2024-06-28,210,0,28,6,24.8607,67.0011,4,1,280.38,0,5.1,32.9,4.89,33.42,126.97,1.44,37.5,29.7,8.8,26.6
2024-06-27,211,0,27,6,24.8607,67.0011,4,0,253.68,0,3.86,55.07,3.87,33.94,133.51,1.03,35.9,29.8,0.0,25.3
2024-06-26,212,0,26,6,24.8607,67.0011,4,0,230.31,0,2.74,37.91,2.68,38.58,155.88,0.49,34.9,28.9,0.0,23.7
2024-06-25,213,0,25,6,24.8607,67.0011,4,0,226.97,0,2.25,36.84,2.12,40.86,175.57,0.35,37.2,28.4,0.0,35.8
2024-06-24,214,0,24,6,24.8607,67.0011,4,0,236.99,0,3.08,34.33,2.95,39.01,166.16,0.74,38.5,28.4,0.0,31.4
2024-06-23,215,0,23,6,24.8607,67.0011,4,0,236.99,0,2.87,51.5,2.8,35.39,183.39,0.85,35.3,28.9,0.0,26.4
2024-06-22,216,0,22,6,24.8607,67.0011,4,0,226.97,0,2.44,41.48,2.47,34.7,179.8,0.51,34.5,29.2,0.0,23.7
2024-06-21,217,0,21,6,24.8607,67.0011,4,0,220.3,0,1.35,54.36,1.52,35.92,141.58,0.19,33.7,29.1,0.4,25.7
2024-06-20,218,0,20,6,24.8607,67.0011,4,0,223.64,0,1.25,62.23,1.62,38.69,130.99,0.0,33.8,28.9,0.0,29.6
2024-06-19,219,0,19,6,24.8607,67.0011,4,0,216.96,0,1.1,51.5,1.45,29.67,133.81,0.0,34.0,29.1,0.0,31.8
2024-06-18,220,0,18,6,24.8607,67.0011,3,-1,223.64,0,1.05,56.51,1.34,22.64,91.81,0.0,33.5,29.6,0.7,28.1
2024-06-17,221,1,17,6,24.8607,67.0011,3,0,233.65,0,1.71,47.92,1.83,24.27,93.04,0.07,33.3,29.1,0.5,25.2
2024-06-16,222,0,16,6,24.8607,67.0011,3,0,230.31,0,1.05,55.07,1.3,25.0,87.01,0.0,34.2,28.8,0.1,28.2
2024-06-15,223,0,15,6,24.8607,67.0011,4,1,226.97,0,0.93,47.92,1.18,24.42,103.4,0.0,33.6,29.0,0.4,22.5
2024-06-14,224,0,14,6,24.8607,67.0011,3,-1,226.97,0,1.03,45.06,1.27,22.7,84.17,0.0,33.5,28.9,0.4,29.8
2024-06-13,225,0,13,6,24.8607,67.0011,3,0,223.64,0,1.03,43.27,1.25,19.46,76.46,0.14,33.2,28.9,0.3,31.1
2024-06-12,226,0,12,6,24.8607,67.0011,2,-1,220.3,0,1.07,41.48,1.24,13.9,48.38,0.2,33.4,28.5,0.0,33.0
2024-06-11,227,0,11,6,24.8607,67.0011,3,1,220.3,0,1.31,50.07,1.46,18.49,74.79,0.22,33.3,28.3,0.0,33.1
2024-06-10,228,0,10,6,24.8607,67.0011,3,0,230.31,0,1.52,40.77,1.59,16.21,60.57,0.31,33.4,27.8,0.0,32.3
2024-06-09,229,0,9,6,24.8607,67.0011,3,0,226.97,0,1.19,40.05,1.31,16.65,67.27,0.21,33.5,28.0,0.0,30.5
2024-06-08,230,0,8,6,24.8607,67.0011,3,0,226.97,0,1.09,37.91,1.24,17.25,75.52,0.13,33.5,28.1,0.0,32.1
2024-06-07,231,0,7,6,24.8607,67.0011,3,0,233.65,0,1.76,33.62,1.8,14.6,62.86,0.34,33.3,27.8,0.0,31.1
2024-06-06,232,0,6,6,24.8607,67.0011,3,0,230.31,0,1.11,37.19,1.28,13.81,60.41,0.14,33.0,28.4,0.6,30.9
2024-06-05,233,0,5,6,24.8607,67.0011,3,0,230.31,0,0.88,43.99,1.09,19.39,87.2,0.03,32.6,28.2,0.0,34.0
2024-06-04,234,0,4,6,24.8607,67.0011,3,0,233.65,0,0.99,38.27,1.18,15.45,69.37,0.09,32.7,27.8,0.0,32.7
2024-06-03,235,0,3,6,24.8607,67.0011,3,0,247.0,0,1.5,46.49,1.68,18.66,86.63,0.27,32.8,27.9,0.0,27.5
2024-06-02,236,0,2,6,24.8607,67.0011,4,1,243.66,0,1.3,46.49,1.53,29.4,106.33,0.11,33.4,28.2,0.0,25.4
2024-06-01,237,0,1,6,24.8607,67.0011,4,0,240.33,0,1.63,79.39,1.43,54.42,168.68,0.28,38.3,27.9,0.0,25.5
2024-05-31,238,0,31,5,24.8607,67.0011,4,0,243.66,0,2.01,87.26,1.86,38.28,111.92,0.4,35.3,28.0,0.0,27.8
2024-05-30,239,0,30,5,24.8607,67.0011,3,-1,247.0,0,1.91,60.8,1.65,36.96,96.14,0.39,41.6,28.4,0.0,29.4
2024-05-29,240,0,29,5,24.8607,67.0011,4,1,226.97,0,1.2,66.52,1.37,37.06,102.14,0.0,41.5,28.8,0.0,36.2
2024-05-28,241,0,28,5,24.8607,67.0011,4,0,233.65,0,1.09,74.39,1.33,44.57,138.64,0.0,34.7,28.5,0.0,39.5
2024-05-27,242,0,27,5,24.8607,67.0011,4,0,243.66,0,1.71,52.93,1.73,30.96,105.39,0.18,34.6,28.0,0.0,36.4
2024-05-26,243,0,26,5,24.8607,67.0011,3,-1,247.0,0,1.67,54.36,1.65,23.4,83.85,0.35,34.9,28.1,0.0,30.1
2024-05-25,244,0,25,5,24.8607,67.0011,3,0,250.34,0,2.59,49.35,2.5,22.29,96.34,0.59,34.3,27.6,0.0,27.3
2024-05-24,245,0,24,5,24.8607,67.0011,4,1,250.34,0,2.29,60.08,2.29,27.64,107.01,0.47,34.7,27.8,0.0,29.7
2024-05-23,246,0,23,5,24.8607,67.0011,4,0,263.69,0,2.7,54.36,2.35,25.18,100.14,0.67,34.9,27.6,0.0,31.4
2024-05-22,247,0,22,5,24.8607,67.0011,3,-1,250.34,0,2.44,44.7,2.26,18.94,87.06,0.63,36.0,28.5,0.0,31.6
2024-05-21,248,0,21,5,24.8607,67.0011,3,0,253.68,0,2.59,38.62,2.29,13.64,58.95,0.7,36.0,27.5,0.0,31.3
2024-05-20,249,0,20,5,24.8607,67.0011,2,-1,210.29,0,1.82,48.64,1.88,9.53,46.19,0.46,34.6,28.1,0.0,32.1
2024-05-19,250,0,19,5,24.8607,67.0011,2,0,208.62,0,2.1,45.78,1.94,10.25,46.83,0.55,34.1,26.4,0.0,27.8
2024-05-18,251,0,18,5,24.8607,67.0011,3,1,236.99,0,3.08,58.65,2.41,17.75,53.51,0.94,38.1,26.5,0.0,30.3
2024-05-17,252,0,17,5,24.8607,67.0011,3,0,233.65,0,3.17,52.21,3.01,20.53,78.29,0.7,36.3,26.4,0.0,29.1
2024-05-16,253,0,16,5,24.8607,67.0011,3,0,270.37,0,4.28,47.21,3.93,17.28,68.43,1.31,35.2,26.2,0.0,25.7
2024-05-15,254,0,15,5,24.8607,67.0011,3,0,270.37,0,3.56,60.8,3.43,19.06,75.59,1.03,36.6,26.3,0.0,22.0
2024-05-14,255,0,14,5,24.8607,67.0011,4,1,340.46,0,7.71,77.96,7.39,33.15,107.24,2.44,33.4,24.9,0.0,22.5
2024-05-13,256,0,13,5,24.8607,67.0011,4,0,300.41,0,5.57,47.92,4.65,22.84,104.9,1.71,33.0,25.8,0.0,24.7
2024-05-12,257,0,12,5,24.8607,67.0011,3,-1,280.38,0,3.38,65.09,2.06,18.93,70.96,1.19,33.1,26.2,0.0,24.1
2024-05-11,258,0,11,5,24.8607,67.0011,3,0,333.79,0,5.65,43.99,2.65,21.17,84.36,1.82,32.3,25.6,0.0,21.2
2024-05-10,259,0,10,5,24.8607,67.0011,3,0,300.41,0,4.24,25.75,4.05,11.38,55.33,1.22,33.1,26.6,0.0,24.8
2024-05-09,260,0,9,5,24.8607,67.0011,3,0,283.72,0,2.91,31.47,2.59,10.33,51.72,0.78,34.4,26.4,0.0,24.6
2024-05-08,261,0,8,5,24.8607,67.0011,3,0,300.41,0,3.98,42.92,3.07,16.62,57.16,1.25,34.9,26.0,0.0,26.4
2024-05-07,262,0,7,5,24.8607,67.0011,3,0,230.31,0,2.36,97.27,2.35,23.15,56.97,0.64,35.0,26.8,0.0,28.5
2024-05-06,263,0,6,5,24.8607,67.0011,2,-1,247.0,0,2.16,72.24,2.12,14.48,47.98,0.61,35.1,26.6,0.0,29.9
2024-05-05,264,0,5,5,24.8607,67.0011,2,0,236.99,0,1.3,45.42,1.34,10.15,29.25,0.37,32.7,25.9,0.0,32.5
2024-05-04,265,0,4,5,24.8607,67.0011,2,0,267.03,0,1.16,77.25,1.1,13.98,29.59,0.25,33.5,26.6,0.0,32.8
2024-05-03,266,0,3,5,24.8607,67.0011,2,0,303.75,0,2.51,45.78,2.18,15.5,48.27,0.8,33.1,26.0,0.0,30.7
2024-05-02,267,0,2,5,24.8607,67.0011,3,1,560.76,0,14.39,77.96,5.72,29.59,54.98,7.09,36.4,22.0,0.0,29.5
2024-05-01,268,0,1,5,24.8607,67.0011,4,1,317.1,0,5.74,104.43,4.23,32.79,146.16,5.07,36.8,23.7,0.0,28.0
2024-04-30,269,0,30,4,24.8607,67.0011,3,-1,360.49,0,7.28,100.14,4.53,24.46,81.47,7.73,38.1,25.0,0.0,27.2
2024-04-29,270,0,29,4,24.8607,67.0011,2,-1,353.81,0,6.17,81.54,4.05,17.67,48.15,5.57,37.4,25.7,0.0,24.7
2024-04-28,271,0,28,4,24.8607,67.0011,3,1,270.37,0,2.59,54.36,2.09,18.65,70.39,0.85,33.9,24.6,0.0,26.3
2024-04-27,272,0,27,4,24.8607,67.0011,3,0,257.02,0,1.99,70.1,1.88,17.31,67.53,0.53,32.0,24.3,0.0,26.8
2024-04-26,273,0,26,4,24.8607,67.0011,2,-1,300.41,0,2.59,47.21,2.44,13.42,43.94,0.92,31.8,25.4,0.0,28.9
2024-04-25,274,0,25,4,24.8607,67.0011,3,1,297.07,0,3.73,42.92,3.49,15.68,63.84,1.38,31.6,24.1,0.0,31.4
2024-04-24,275,0,24,4,24.8607,67.0011,2,-1,273.7,0,3.43,65.8,3.19,14.1,43.45,1.19,31.8,24.2,0.0,25.9
2024-04-23,276,0,23,4,24.8607,67.0011,3,1,240.33,0,2.53,65.8,2.35,15.17,51.05,0.75,31.8,24.4,0.0,27.7
2024-04-22,277,0,22,4,24.8607,67.0011,2,-1,250.34,0,2.18,73.67,2.06,16.16,43.75,0.52,32.0,24.7,0.0,33.4
2024-04-21,278,0,21,4,24.8607,67.0011,3,1,267.03,0,2.14,104.43,1.94,11.65,36.17,0.93,31.5,24.3,0.0,32.2
2024-04-20,279,0,20,4,24.8607,67.0011,3,0,267.03,0,1.97,105.86,1.8,5.53,19.15,1.01,32.8,24.6,0.0,25.6
2024-04-19,280,0,19,4,24.8607,67.0011,3,0,270.37,0,1.69,131.61,2.12,11.0,26.34,0.25,29.8,24.2,0.0,33.4
2024-04-18,281,0,18,4,24.8607,67.0011,2,-1,293.73,0,3.98,47.21,3.01,11.29,16.45,1.71,29.7,25.3,0.5,28.0
2024-04-17,282,0,17,4,24.8607,67.0011,4,2,1308.44,0,35.3,34.33,18.12,50.24,75.81,24.57,33.9,24.6,0.0,18.9
2024-04-16,283,1,16,4,24.8607,67.0011,3,-1,881.2,0,28.1,10.91,9.18,30.0,38.34,11.27,33.9,23.7,0.0,24.5
2024-04-15,284,0,15,4,24.8607,67.0011,3,0,1201.63,8,33.59,4.16,7.63,37.78,45.88,7.16,30.3,23.2,0.0,19.7
2024-04-14,285,0,14,4,24.8607,67.0011,2,-1,267.03,0,3.38,58.65,2.71,12.58,30.56,1.0,29.5,24.5,3.4,14.8
2024-04-13,286,0,13,4,24.8607,67.0011,3,1,260.35,0,3.26,49.35,3.04,20.62,55.78,0.92,32.0,25.0,0.0,23.8
2024-04-12,287,0,12,4,24.8607,67.0011,3,0,377.18,0,8.05,61.51,5.13,39.31,94.12,3.17,33.6,23.0,0.0,23.3
2024-04-11,288,0,11,4,24.8607,67.0011,3,0,607.49,0,16.45,36.48,6.74,49.2,89.84,6.97,31.3,22.4,0.0,21.0
2024-04-10,289,0,10,4,24.8607,67.0011,3,0,313.76,0,5.01,52.21,3.61,23.01,56.66,1.93,32.2,23.0,0.0,24.3
2024-04-09,290,0,9,4,24.8607,67.0011,3,0,343.8,0,5.44,113.01,4.05,29.94,52.02,2.69,35.1,22.2,0.0,26.6
2024-04-08,291,0,8,4,24.8607,67.0011,4,1,527.38,0,8.83,110.15,5.01,63.74,102.34,3.01,34.7,21.6,0.0,22.5
2024-04-07,292,0,7,4,24.8607,67.0011,3,-1,420.57,0,6.68,120.16,3.58,41.91,73.16,2.53,32.0,21.7,0.0,24.9
2024-04-06,293,0,6,4,24.8607,67.0011,4,1,263.69,0,2.21,148.77,3.01,28.36,56.43,0.0,30.8,23.7,0.0,27.3
2024-04-05,294,0,5,4,24.8607,67.0011,4,0,290.39,0,2.83,151.63,2.89,34.46,64.18,0.0,31.4,24.5,0.0,30.4
2024-04-04,295,0,4,4,24.8607,67.0011,3,-1,337.12,0,4.71,108.72,3.73,32.9,66.42,1.52,32.1,23.0,0.0,27.6
2024-04-03,296,0,3,4,24.8607,67.0011,4,1,290.39,0,2.7,144.48,2.62,41.16,110.05,0.24,30.0,23.0,0.0,24.5
2024-04-02,297,0,2,4,24.8607,67.0011,4,0,300.41,0,3.98,86.55,3.31,31.66,101.0,1.68,30.3,23.0,0.0,30.2
2024-04-01,298,0,1,4,24.8607,67.0011,3,-1,507.35,0,11.48,95.84,5.96,35.09,93.67,7.73,31.8,20.7,0.0,23.1
2024-03-31,299,0,31,3,24.8607,67.0011,5,2,694.27,0,16.28,84.4,5.9,74.01,205.94,9.63,33.7,21.3,0.0,25.6
2024-03-30,300,0,30,3,24.8607,67.0011,3,-2,277.04,0,2.53,100.14,2.18,20.35,56.06,1.01,29.2,22.3,0.0,30.7
2024-03-29,301,0,29,3,24.8607,67.0011,3,0,307.08,0,4.54,118.73,3.93,15.5,41.18,2.37,29.2,22.2,0.0,26.6
2024-03-28,302,0,28,3,24.8607,67.0011,3,0,307.08,0,3.98,114.44,3.25,13.52,32.08,1.98,34.6,23.5,0.0,26.7
2024-03-27,303,0,27,3,24.8607,67.0011,3,0,323.77,0,4.71,56.51,3.76,34.43,64.73,2.06,31.7,23.5,0.0,27.4
2024-03-26,304,0,26,3,24.8607,67.0011,2,-1,363.83,0,6.85,43.99,4.41,20.79,39.93,4.05,34.4,23.3,0.0,27.1
2024-03-25,305,0,25,3,24.8607,67.0011,2,0,310.42,0,4.84,73.67,3.46,16.14,37.89,2.47,33.2,22.6,0.0,30.1
2024-03-24,306,0,24,3,24.8607,67.0011,3,1,287.06,0,3.34,75.82,2.09,23.74,54.38,1.69,31.5,23.4,0.0,29.9
2024-03-23,307,0,23,3,24.8607,67.0011,4,1,267.03,0,2.31,81.54,1.91,37.56,112.52,0.75,30.7,22.8,0.0,25.8
2024-03-22,308,0,22,3,24.8607,67.0011,3,-1,293.73,0,2.66,91.55,2.24,28.51,49.01,1.87,31.8,23.1,0.0,26.9
2024-03-21,309,0,21,3,24.8607,67.0011,2,-1,393.87,0,7.88,68.66,4.53,21.57,40.79,6.84,33.2,22.3,0.0,26.8
2024-03-20,310,0,20,3,24.8607,67.0011,3,1,867.84,0,23.65,35.41,8.7,44.83,96.32,11.65,33.1,19.8,0.0,22.7
2024-03-19,311,0,19,3,24.8607,67.0011,2,-1,360.49,0,6.25,86.55,3.93,17.9,41.2,5.19,34.8,20.8,0.0,22.4
2024-03-18,312,0,18,3,24.8607,67.0011,4,2,934.6,0,23.65,68.66,11.92,59.11,89.68,24.83,32.8,19.4,0.0,20.0
2024-03-17,313,0,17,3,24.8607,67.0011,3,-1,774.38,0,19.71,67.23,8.46,37.18,59.02,22.55,34.0,19.4,0.0,25.1
2024-03-16,314,0,16,3,24.8607,67.0011,3,0,654.22,0,15.25,103.0,9.18,36.17,52.26,18.49,30.9,17.8,0.0,22.6
2024-03-15,315,0,15,3,24.8607,67.0011,3,0,747.68,0,16.11,108.72,15.5,32.76,48.04,19.76,32.0,17.8,0.0,23.8
2024-03-14,316,0,14,3,24.8607,67.0011,3,0,367.16,0,10.02,107.29,17.4,17.63,57.57,7.92,29.4,18.2,0.0,25.0
2024-03-13,317,0,13,3,24.8607,67.0011,2,-1,297.07,0,4.24,72.24,3.61,11.91,26.85,1.99,31.2,21.0,0.0,26.7
2024-03-12,318,0,12,3,24.8607,67.0011,3,1,754.36,0,19.02,57.22,7.45,34.89,44.92,10.39,27.6,19.1,0.0,24.9
2024-03-11,319,0,11,3,24.8607,67.0011,3,0,734.33,0,17.65,74.39,9.42,31.02,43.24,18.49,27.2,18.6,0.0,22.2
2024-03-10,320,0,10,3,24.8607,67.0011,4,1,1081.47,0,27.08,63.66,13.11,70.71,93.96,21.79,25.9,19.0,2.2,19.5
2024-03-09,321,0,9,3,24.8607,67.0011,4,0,1054.76,0,26.73,52.21,10.25,65.29,88.8,11.15,29.7,17.1,0.0,19.6
2024-03-08,322,0,8,3,24.8607,67.0011,5,1,2029.42,1,60.32,6.08,19.31,109.43,139.18,26.35,28.3,17.3,0.0,19.5
2024-03-07,323,0,7,3,24.8607,67.0011,3,-2,754.36,0,16.96,91.55,8.94,48.55,70.85,12.67,27.9,17.7,0.0,24.0
2024-03-06,324,0,6,3,24.8607,67.0011,5,2,1335.14,0,28.45,64.37,18.36,80.33,110.39,31.66,25.6,14.8,0.0,18.3
2024-03-05,325,0,5,3,24.8607,67.0011,3,-2,694.27,0,13.54,95.84,11.92,35.61,67.18,19.51,26.2,13.5,0.0,23.2
2024-03-04,326,0,4,3,24.8607,67.0011,3,0,1001.36,0,27.42,42.92,11.68,44.16,68.76,20.52,24.2,10.0,0.0,21.4
2024-03-03,327,0,3,3,24.8607,67.0011,3,0,327.11,0,3.94,111.58,3.73,7.06,27.28,4.31,21.7,11.2,0.0,26.6
2024-03-02,328,0,2,3,24.8607,67.0011,2,-1,327.11,0,4.07,80.11,4.23,8.26,28.96,4.31,20.1,14.6,0.0,33.5
2024-03-01,329,0,1,3,24.8607,67.0011,5,3,700.95,0,10.11,113.01,6.2,75.48,116.12,6.46,25.0,19.0,7.4,22.5
2024-02-29,330,0,29,2,24.8607,67.0011,5,0,1174.93,0,21.08,97.27,16.93,87.79,121.71,23.56,30.3,17.7,0.0,15.9
2024-02-28,331,0,28,2,24.8607,67.0011,3,-2,607.49,0,10.11,128.75,15.5,41.88,53.79,10.51,29.2,17.2,0.0,27.4
2024-02-27,332,0,27,2,24.8607,67.0011,3,0,534.06,0,7.54,114.44,10.01,40.71,57.36,6.52,27.7,16.5,0.0,39.3
2024-02-26,333,0,26,2,24.8607,67.0011,3,0,480.65,0,9.0,124.45,12.16,29.67,46.64,8.23,29.5,19.0,0.0,34.4
2024-02-25,334,0,25,2,24.8607,67.0011,5,2,1815.8,0,45.93,40.05,17.64,108.97,157.22,18.24,29.3,15.8,0.0,23.7
2024-02-24,335,0,24,2,24.8607,67.0011,3,-2,600.81,0,13.37,101.57,6.32,26.5,55.49,8.23,29.9,15.5,0.0,23.6
2024-02-23,336,0,23,2,24.8607,67.0011,4,1,1562.12,0,43.53,28.25,20.5,74.62,102.51,31.66,28.3,13.7,0.0,23.0
2024-02-22,337,0,22,2,24.8607,67.0011,3,-1,794.41,0,19.71,76.53,13.59,40.97,79.72,15.83,29.3,17.9,0.0,25.5
2024-02-21,338,0,21,2,24.8607,67.0011,3,0,327.11,0,4.37,120.16,4.23,20.99,51.22,2.03,27.2,20.2,0.0,27.4
2024-02-20,339,0,20,2,24.8607,67.0011,3,0,363.83,0,5.91,110.15,3.64,21.65,54.69,2.85,26.6,20.7,0.0,25.2
2024-02-19,340,0,19,2,24.8607,67.0011,3,0,297.07,0,1.99,97.27,1.97,36.34,67.47,0.89,28.4,22.6,0.0,33.9
2024-02-18,341,0,18,2,24.8607,67.0011,3,0,297.07,0,3.21,91.55,2.21,24.26,52.11,1.61,26.8,19.6,0.0,30.1
2024-02-17,342,0,17,2,24.8607,67.0011,5,2,1815.8,0,37.36,38.98,16.21,146.07,188.25,30.4,29.5,14.5,0.0,19.2
2024-02-16,343,0,16,2,24.8607,67.0011,5,0,2216.34,0,48.67,26.46,20.74,163.51,208.95,38.0,30.4,14.8,0.0,22.8
2024-02-15,344,0,15,2,24.8607,67.0011,5,0,2189.64,0,45.93,30.04,20.27,182.23,234.42,37.49,28.2,14.9,0.0,21.6
2024-02-14,345,0,14,2,24.8607,67.0011,5,0,2563.48,4,57.58,2.03,22.89,177.32,251.39,43.06,27.7,15.2,0.0,21.5
2024-02-13,346,0,13,2,24.8607,67.0011,5,0,1668.93,0,34.27,60.08,20.03,120.27,182.95,31.41,26.6,16.7,0.0,14.2
2024-02-12,347,0,12,2,24.8607,67.0011,5,0,1255.04,0,23.65,87.26,18.36,92.93,130.14,25.08,27.1,16.8,0.0,23.0
2024-02-11,348,0,11,2,24.8607,67.0011,4,-1,974.66,0,16.45,92.98,12.16,70.45,112.79,19.51,28.2,15.3,0.0,14.6
2024-02-10,349,0,10,2,24.8607,67.0011,4,0,1255.04,0,30.16,62.94,10.01,71.69,95.14,12.03,27.4,16.6,0.0,22.2
2024-02-09,350,0,9,2,24.8607,67.0011,5,1,2670.29,1,63.75,5.45,23.6,170.27,230.15,35.46,26.3,12.5,0.0,20.6
2024-02-08,351,0,8,2,24.8607,67.0011,4,-1,700.95,0,10.97,127.32,14.66,56.71,80.5,10.64,26.0,16.9,0.0,24.6
2024-02-07,352,0,7,2,24.8607,67.0011,3,-1,747.68,0,19.19,86.55,8.23,32.02,53.77,10.13,27.0,18.9,0.0,23.3
2024-02-06,353,0,6,2,24.8607,67.0011,4,1,1308.44,0,34.96,61.51,13.23,63.6,89.05,16.09,25.5,17.4,0.1,18.1
2024-02-05,354,0,5,2,24.8607,67.0011,3,-1,674.25,0,15.94,94.41,7.39,29.37,56.22,8.87,25.1,17.6,0.0,17.1
2024-02-04,355,0,4,2,24.8607,67.0011,2,-1,297.07,0,3.08,85.12,2.47,11.8,27.71,1.27,26.5,19.6,1.2,25.2
2024-02-03,356,0,3,2,24.8607,67.0011,5,3,2964.02,11,77.46,0.21,11.44,146.76,222.32,10.77,26.0,18.0,3.2,29.1
2024-02-02,357,0,2,2,24.8607,67.0011,5,0,1028.06,0,27.42,61.51,10.85,75.38,173.52,12.03,26.6,20.2,0.0,12.6
2024-02-01,358,0,1,2,24.8607,67.0011,3,-2,560.76,0,11.48,84.4,5.48,35.68,99.59,5.32,29.8,16.0,0.0,17.7
2024-01-31,359,0,31,1,24.8607,67.0011,2,-1,350.48,0,5.27,79.39,3.01,9.93,13.72,2.5,26.4,20.1,0.3,21.6
2024-01-30,360,0,30,1,24.8607,67.0011,2,0,480.65,0,10.2,75.82,5.13,18.61,27.67,4.81,25.4,18.8,0.8,17.1
2024-01-29,361,0,29,1,24.8607,67.0011,2,0,514.03,0,9.68,86.55,4.77,24.34,34.83,4.69,27.5,18.1,0.4,20.6
2024-01-28,362,0,28,1,24.8607,67.0011,5,3,2429.96,0,43.18,22.71,18.6,267.59,327.81,23.81,24.3,12.9,0.0,19.6
2024-01-27,363,0,27,1,24.8607,67.0011,5,0,1041.41,0,9.42,104.43,10.85,196.77,257.17,6.08,26.0,15.5,0.0,20.2
2024-01-26,364,0,26,1,24.8607,67.0011,5,0,7156.37,34,153.54,0.0,29.56,481.5,568.61,28.63,26.0,14.0,0.0,19.1
2024-01-25,365,0,25,1,24.8607,67.0011,5,0,3284.45,0,84.31,18.06,23.84,263.86,331.62,26.6,24.0,13.3,0.0,15.6
2024-01-24,366,0,24,1,24.8607,67.0011,5,0,3364.56,13,69.23,0.2,30.99,280.79,375.42,42.56,24.7,12.1,0.0,13.8
2024-01-23,367,0,23,1,24.8607,67.0011,5,0,2029.42,0,52.78,35.05,18.12,125.32,181.17,22.29,26.1,15.5,0.0,21.4
2024-01-22,368,0,22,1,24.8607,67.0011,5,0,3524.78,1,82.94,4.69,26.7,336.29,399.69,30.4,24.5,15.7,0.0,18.3
2024-01-21,369,0,21,1,24.8607,67.0011,5,0,2483.37,4,58.26,1.4,15.02,163.93,184.85,15.96,26.6,16.3,0.0,15.5
2024-01-20,370,0,20,1,24.8607,67.0011,5,0,2643.59,0,50.72,39.7,16.45,329.48,387.15,13.81,24.4,16.2,0.5,15.9
2024-01-19,371,0,19,1,24.8607,67.0011,5,0,1842.5,0,30.5,56.51,18.6,203.79,258.1,24.83,26.0,14.2,0.0,15.3
2024-01-18,372,0,18,1,24.8607,67.0011,5,0,1054.76,0,13.37,95.84,14.66,186.56,254.78,9.75,27.0,15.2,0.0,17.8
2024-01-17,373,0,17,1,24.8607,67.0011,5,0,7583.62,62,137.09,0.0,28.37,464.85,573.88,29.13,27.1,18.3,0.0,19.0
2024-01-16,374,0,16,1,24.8607,67.0011,3,-2,373.84,0,5.83,98.71,3.73,36.53,79.89,2.22,26.4,18.8,0.0,21.1
2024-01-15,375,0,15,1,24.8607,67.0011,5,2,3738.4,18,74.03,0.03,32.9,275.86,389.65,46.1,23.7,14.1,0.0,17.9
2024-01-14,376,0,14,1,24.8607,67.0011,4,-1,1415.25,0,36.67,40.41,10.49,73.74,101.7,12.54,25.4,14.9,0.0,17.3
2024-01-13,377,0,13,1,24.8607,67.0011,5,1,2136.23,0,50.72,16.45,15.97,171.66,208.1,14.82,24.6,11.6,0.0,17.8
2024-01-12,378,0,12,1,24.8607,67.0011,5,0,2563.48,7,58.95,0.82,28.61,161.41,224.54,35.46,25.4,11.4,0.0,16.9
2024-01-11,379,0,11,1,24.8607,67.0011,5,0,1522.06,0,29.13,54.36,18.84,116.25,150.51,22.8,25.0,11.0,0.0,13.0
2024-01-10,380,1,10,1,24.8607,67.0011,5,0,1188.28,0,19.88,80.82,17.64,126.97,157.39,13.55,25.2,12.9,0.0,18.7
2024-01-09,381,0,9,1,24.8607,67.0011,5,0,961.3,0,11.14,100.14,16.45,160.76,212.95,7.35,25.0,14.4,0.0,27.8
2024-01-08,382,0,8,1,24.8607,67.0011,5,0,1108.17,0,15.59,90.84,16.45,142.99,175.62,13.43,24.6,14.1,0.0,17.9
2024-01-07,383,0,7,1,24.8607,67.0011,5,0,961.3,0,9.68,100.14,17.88,164.29,196.3,5.83,25.5,14.4,0.0,22.1
2024-01-06,384,0,6,1,24.8607,67.0011,5,0,1014.71,0,9.68,92.98,11.44,143.42,189.8,7.41,25.2,15.6,0.0,22.6
2024-01-05,385,0,5,1,24.8607,67.0011,5,0,1468.66,0,21.59,77.96,17.88,195.2,254.16,17.23,24.8,14.1,0.0,17.3
2024-01-04,386,0,4,1,24.8607,67.0011,5,0,907.9,0,14.57,81.54,15.74,116.81,175.3,12.41,25.0,15.7,0.0,19.1
2024-01-03,387,0,3,1,24.8607,67.0011,5,0,7049.56,27,163.14,0.0,36.24,554.47,682.45,39.01,25.7,16.5,0.0,16.7
2024-01-02,388,0,2,1,24.8607,67.0011,5,0,1922.61,0,28.79,70.1,19.31,251.38,294.79,20.52,25.5,14.4,0.0,21.8
2024-01-01,389,0,1,1,24.8607,67.0011,5,0,1295.09,0,18.16,88.69,18.36,189.51,227.66,14.82,27.0,14.7,0.0,15.0
2023-12-31,390,0,31,12,24.8607,67.0011,5,0,1121.52,0,15.08,83.68,11.92,147.94,188.83,13.93,27.5,14.9,0.0,20.2
2023-12-30,391,0,30,12,24.8607,67.0011,5,0,854.49,0,9.94,105.86,11.21,127.37,168.75,8.87,28.3,16.7,0.0,21.4
2023-12-29,392,0,29,12,24.8607,67.0011,5,0,1161.58,0,19.88,81.54,16.45,123.18,161.64,17.23,28.2,15.4,0.0,15.5
2023-12-28,393,0,28,12,24.8607,67.0011,5,0,1161.58,0,19.71,94.41,23.37,138.66,171.41,14.69,28.0,16.0,0.0,23.6
2023-12-27,394,0,27,12,24.8607,67.0011,5,0,2429.96,5,53.47,1.68,18.6,191.9,244.39,23.56,28.9,16.0,0.0,23.7
2023-12-26,395,0,26,12,24.8607,67.0011,5,0,2590.18,3,52.09,2.46,24.08,193.32,234.78,36.48,26.2,13.2,0.0,16.6
2023-12-25,396,0,25,12,24.8607,67.0011,5,0,867.84,0,12.17,107.29,20.03,100.95,120.42,8.61,28.4,17.2,0.0,22.2
2023-12-24,397,0,24,12,24.8607,67.0011,5,0,634.19,0,7.54,110.15,22.89,85.41,113.09,4.37,28.9,17.7,0.0,27.8
2023-12-23,398,0,23,12,24.8607,67.0011,5,0,1108.17,0,17.14,71.53,11.56,84.95,103.95,16.21,28.8,15.4,0.0,20.9
2023-12-22,399,0,22,12,24.8607,67.0011,5,0,1401.9,0,24.68,65.8,17.4,124.33,152.42,21.28,27.7,17.0,0.0,18.6
2023-12-21,400,0,21,12,24.8607,67.0011,5,0,1455.31,0,26.05,62.94,16.45,131.44,183.17,22.04,27.0,14.1,0.0,15.0
